<ImportExportXml version="9.2.23102.234" SolutionPackageVersion="9.2" languagecode="1033" generatedBy="CrmLive" xmlns:xsi="http://www.w3.org/2001/XMLSchema-instance">
  <SolutionManifest>
    <UniqueName>UnlimitedDataDownloadByTrigger</UniqueName>
    <LocalizedNames>
      <LocalizedName description="Unlimited Data Download By Trigger" languagecode="1033" />
    </LocalizedNames>
    <Descriptions />
    <Version>1.0.0.0</Version>
    <Managed>0</Managed>
    <Publisher>
      <UniqueName>Unlimited_data_download_from_Dataverse</UniqueName>
      <LocalizedNames>
        <LocalizedName description="Jagjeet Makhija" languagecode="1033" />
      </LocalizedNames>
      <Descriptions />
      <EMailAddress xsi:nil="true"></EMailAddress>
      <SupportingWebsiteUrl xsi:nil="true"></SupportingWebsiteUrl>
      <CustomizationPrefix>jsmpwf</CustomizationPrefix>
      <CustomizationOptionValuePrefix>34325</CustomizationOptionValuePrefix>
      <Addresses>
        <Address>
          <AddressNumber>1</AddressNumber>
          <AddressTypeCode>1</AddressTypeCode>
          <City xsi:nil="true"></City>
          <County xsi:nil="true"></County>
          <Country xsi:nil="true"></Country>
          <Fax xsi:nil="true"></Fax>
          <FreightTermsCode xsi:nil="true"></FreightTermsCode>
          <ImportSequenceNumber xsi:nil="true"></ImportSequenceNumber>
          <Latitude xsi:nil="true"></Latitude>
          <Line1 xsi:nil="true"></Line1>
          <Line2 xsi:nil="true"></Line2>
          <Line3 xsi:nil="true"></Line3>
          <Longitude xsi:nil="true"></Longitude>
          <Name xsi:nil="true"></Name>
          <PostalCode xsi:nil="true"></PostalCode>
          <PostOfficeBox xsi:nil="true"></PostOfficeBox>
          <PrimaryContactName xsi:nil="true"></PrimaryContactName>
          <ShippingMethodCode>1</ShippingMethodCode>
          <StateOrProvince xsi:nil="true"></StateOrProvince>
          <Telephone1 xsi:nil="true"></Telephone1>
          <Telephone2 xsi:nil="true"></Telephone2>
          <Telephone3 xsi:nil="true"></Telephone3>
          <TimeZoneRuleVersionNumber xsi:nil="true"></TimeZoneRuleVersionNumber>
          <UPSZone xsi:nil="true"></UPSZone>
          <UTCOffset xsi:nil="true"></UTCOffset>
          <UTCConversionTimeZoneCode xsi:nil="true"></UTCConversionTimeZoneCode>
        </Address>
        <Address>
          <AddressNumber>2</AddressNumber>
          <AddressTypeCode>1</AddressTypeCode>
          <City xsi:nil="true"></City>
          <County xsi:nil="true"></County>
          <Country xsi:nil="true"></Country>
          <Fax xsi:nil="true"></Fax>
          <FreightTermsCode xsi:nil="true"></FreightTermsCode>
          <ImportSequenceNumber xsi:nil="true"></ImportSequenceNumber>
          <Latitude xsi:nil="true"></Latitude>
          <Line1 xsi:nil="true"></Line1>
          <Line2 xsi:nil="true"></Line2>
          <Line3 xsi:nil="true"></Line3>
          <Longitude xsi:nil="true"></Longitude>
          <Name xsi:nil="true"></Name>
          <PostalCode xsi:nil="true"></PostalCode>
          <PostOfficeBox xsi:nil="true"></PostOfficeBox>
          <PrimaryContactName xsi:nil="true"></PrimaryContactName>
          <ShippingMethodCode>1</ShippingMethodCode>
          <StateOrProvince xsi:nil="true"></StateOrProvince>
          <Telephone1 xsi:nil="true"></Telephone1>
          <Telephone2 xsi:nil="true"></Telephone2>
          <Telephone3 xsi:nil="true"></Telephone3>
          <TimeZoneRuleVersionNumber xsi:nil="true"></TimeZoneRuleVersionNumber>
          <UPSZone xsi:nil="true"></UPSZone>
          <UTCOffset xsi:nil="true"></UTCOffset>
          <UTCConversionTimeZoneCode xsi:nil="true"></UTCConversionTimeZoneCode>
        </Address>
      </Addresses>
    </Publisher>
    <RootComponents>
      <RootComponent type="29" id="{80aef986-a884-ee11-8179-00224808183c}" behavior="0" />
    </RootComponents>
    <MissingDependencies>
      <MissingDependency>
        <Required type="connectionreference" displayName="jsmpwf_sharedcommondataserviceforapps_d5659" solution="Active" id.connectionreferencelogicalname="jsmpwf_sharedcommondataserviceforapps_d5659" />
        <Dependent type="29" displayName="Unlimited Data Download Using Trigger" id="{80aef986-a884-ee11-8179-00224808183c}" />
      </MissingDependency>
      <MissingDependency>
        <Required type="connectionreference" displayName="jsmpwf_sharedcommondataserviceforapps_dc497" solution="Active" id.connectionreferencelogicalname="jsmpwf_sharedcommondataserviceforapps_dc497" />
        <Dependent type="29" displayName="Unlimited Data Download Using Trigger" id="{80aef986-a884-ee11-8179-00224808183c}" />
      </MissingDependency>
      <MissingDependency>
        <Required type="connectionreference" displayName="jsmpwf_sharedoffice365_bd4a6" solution="Active" id.connectionreferencelogicalname="jsmpwf_sharedoffice365_bd4a6" />
        <Dependent type="29" displayName="Unlimited Data Download Using Trigger" id="{80aef986-a884-ee11-8179-00224808183c}" />
      </MissingDependency>
      <MissingDependency>
        <Required type="connectionreference" displayName="jsmpwf_sharedsharepointonline_5b8e8" solution="Active" id.connectionreferencelogicalname="jsmpwf_sharedsharepointonline_5b8e8" />
        <Dependent type="29" displayName="Unlimited Data Download Using Trigger" id="{80aef986-a884-ee11-8179-00224808183c}" />
      </MissingDependency>
      <MissingDependency>
        <Required type="connectionreference" displayName="jsmpwf_sharedsharepointonline_6d125" solution="Active" id.connectionreferencelogicalname="jsmpwf_sharedsharepointonline_6d125" />
        <Dependent type="29" displayName="Unlimited Data Download Using Trigger" id="{80aef986-a884-ee11-8179-00224808183c}" />
      </MissingDependency>
    </MissingDependencies>
  </SolutionManifest>
</ImportExportXml>