{
  "properties": {
    "connectionReferences": {
      "shared_commondataserviceforapps_1": {
        "runtimeSource": "embedded",
        "connection": {
          "connectionReferenceLogicalName": "jsmpwf_sharedcommondataserviceforapps_d5659"
        },
        "api": {
          "name": "shared_commondataserviceforapps"
        }
      },
      "shared_sharepointonline_1": {
        "runtimeSource": "embedded",
        "connection": {
          "connectionReferenceLogicalName": "jsmpwf_sharedsharepointonline_6d125"
        },
        "api": {
          "name": "shared_sharepointonline"
        }
      },
      "shared_commondataserviceforapps_2": {
        "runtimeSource": "embedded",
        "connection": {
          "connectionReferenceLogicalName": "jsmpwf_sharedcommondataserviceforapps_dc497"
        },
        "api": {
          "name": "shared_commondataserviceforapps"
        }
      },
      "shared_sharepointonline_2": {
        "runtimeSource": "embedded",
        "connection": {
          "connectionReferenceLogicalName": "jsmpwf_sharedsharepointonline_5b8e8"
        },
        "api": {
          "name": "shared_sharepointonline"
        }
      },
      "shared_office365_2": {
        "runtimeSource": "embedded",
        "connection": {
          "connectionReferenceLogicalName": "jsmpwf_sharedoffice365_bd4a6"
        },
        "api": {
          "name": "shared_office365"
        }
      }
    },
    "definition": {
      "$schema": "https://schema.management.azure.com/providers/Microsoft.Logic/schemas/2016-06-01/workflowdefinition.json#",
      "contentVersion": "1.0.0.0",
      "parameters": {
        "$connections": {
          "defaultValue": {},
          "type": "Object"
        },
        "$authentication": {
          "defaultValue": {},
          "type": "SecureObject"
        }
      },
      "triggers": {
        "Schedule_to_trigger_the_flow": {
          "recurrence": {
            "frequency": "Day",
            "interval": 1,
            "startTime": "2023-11-16T08:30:00Z"
          },
          "metadata": {
            "operationMetadataId": "827cdba6-0e75-4d08-b490-716fd7660503"
          },
          "type": "Recurrence"
        }
      },
      "actions": {
        "Initialize_Page_Number_Variable_": {
          "runAfter": {},
          "metadata": {
            "operationMetadataId": "97874124-58b4-4fa9-9db6-222b13d05782"
          },
          "type": "InitializeVariable",
          "inputs": {
            "variables": [
              {
                "name": "Page Number",
                "type": "integer",
                "value": 1
              }
            ]
          }
        },
        "Initialize_variable_varItemCount": {
          "runAfter": {
            "Initialize_Page_Number_Variable_": [
              "Succeeded"
            ]
          },
          "metadata": {
            "operationMetadataId": "bffd49f0-a993-483e-977c-83d637fc861d"
          },
          "type": "InitializeVariable",
          "inputs": {
            "variables": [
              {
                "name": "varItemCount",
                "type": "integer",
                "value": 0
              }
            ]
          }
        },
        "List_records_using_oData_Queries_Initial_Query": {
          "runAfter": {
            "Initialize_variable_varItemCount": [
              "Succeeded"
            ]
          },
          "metadata": {
            "operationMetadataId": "0f6831eb-0a4e-4f53-a3df-f690a4bd2c34"
          },
          "type": "OpenApiConnection",
          "inputs": {
            "host": {
              "connectionName": "shared_commondataserviceforapps_1",
              "operationId": "ListRecords",
              "apiId": "/providers/Microsoft.PowerApps/apis/shared_commondataserviceforapps"
            },
            "parameters": {
              "entityName": "contacts",
              "$select": "contactid, fullname, emailaddress1"
            },
            "authentication": "@parameters('$authentication')"
          }
        },
        "Initialize_variable": {
          "runAfter": {
            "List_records_using_oData_Queries_Initial_Query": [
              "Succeeded"
            ]
          },
          "metadata": {
            "operationMetadataId": "4d378391-1eea-454e-900c-d96193bb3c92"
          },
          "type": "InitializeVariable",
          "inputs": {
            "variables": [
              {
                "name": "CRLF",
                "type": "string",
                "value": "@{uriComponentToString('%0D%0A')}"
              }
            ]
          }
        },
        "count": {
          "runAfter": {
            "Initialize_variable": [
              "Succeeded"
            ]
          },
          "metadata": {
            "operationMetadataId": "467610dc-de9e-4355-b839-c76aa9faff54"
          },
          "type": "Compose",
          "inputs": "@length(outputs('List_records_using_oData_Queries_Initial_Query')?['body/value'])"
        },
        "Increment_varItemCount": {
          "runAfter": {
            "count": [
              "Succeeded"
            ]
          },
          "metadata": {
            "operationMetadataId": "d6bbb712-8bf9-4323-8a5b-974ec81eac74"
          },
          "type": "SetVariable",
          "inputs": {
            "name": "varItemCount",
            "value": "@outputs('count')"
          }
        },
        "Scope": {
          "actions": {
            "Create_CSV_table_initial": {
              "runAfter": {},
              "metadata": {
                "operationMetadataId": "09ba8883-904b-4120-958f-5d873ebe9faf"
              },
              "type": "Table",
              "inputs": {
                "from": "@outputs('List_records_using_oData_Queries_Initial_Query')?['body/value']",
                "format": "CSV",
                "columns": [
                  {
                    "header": "contactid",
                    "value": "@item()?['contactid']"
                  },
                  {
                    "header": "fullname",
                    "value": "@item()?['fullname']"
                  },
                  {
                    "header": "emailaddress1",
                    "value": "@item()?['emailaddress1']"
                  }
                ]
              }
            },
            "Create_file": {
              "runAfter": {
                "Create_CSV_table_initial": [
                  "Succeeded"
                ]
              },
              "metadata": {
                "operationMetadataId": "81a6b73a-e6f5-44ce-ae56-0e370dd41b28"
              },
              "type": "OpenApiConnection",
              "inputs": {
                "host": {
                  "connectionName": "shared_sharepointonline_1",
                  "operationId": "CreateFile",
                  "apiId": "/providers/Microsoft.PowerApps/apis/shared_sharepointonline"
                },
                "parameters": {
                  "dataset": "https://microsoft.sharepoint.com/teams/DCX-Americas-POD2",
                  "folderPath": "/Shared Documents/Unlimited data download from Data Verse",
                  "name": "Contact_@{utcNow()}.csv",
                  "body": "@body('Create_CSV_table_initial')"
                },
                "authentication": "@parameters('$authentication')"
              },
              "runtimeConfiguration": {
                "contentTransfer": {
                  "transferMode": "Chunked"
                }
              }
            }
          },
          "runAfter": {
            "Increment_varItemCount": [
              "Succeeded"
            ]
          },
          "metadata": {
            "operationMetadataId": "3922e643-3043-44c5-8d3a-44c2b82b7ce8"
          },
          "type": "Scope"
        },
        "Initialize_variable_SkipToken": {
          "runAfter": {
            "Scope": [
              "Succeeded"
            ]
          },
          "metadata": {
            "operationMetadataId": "4d378391-1eea-454e-900c-d96193bb3c92"
          },
          "type": "InitializeVariable",
          "inputs": {
            "variables": [
              {
                "name": "Skip Token",
                "type": "string",
                "value": "@{if\n(\n\tempty\n\t(\n\t\toutputs('List_records_using_oData_Queries_Initial_Query')?['body/@odata.nextLink']\n\t),\n\t'',\n\tdecodeUriComponent\n\t(\n\t\tlast\n\t\t(\n\t\t\tsplit\n\t\t\t(\n\t\t\t\turiQuery(outputs('List_records_using_oData_Queries_Initial_Query')?['body/@odata.nextLink']),\n\t\t\t\t'skiptoken='\n\t\t\t)\n\t\t)\n\t)\n)}"
              }
            ]
          }
        },
        "Do_Until_Read_All_Data_From_Table": {
          "actions": {
            "List_records_using_oData_Queries_With_Skip_Token": {
              "runAfter": {},
              "metadata": {
                "operationMetadataId": "1dc796ce-2d55-40f8-b052-036a795bc231"
              },
              "type": "OpenApiConnection",
              "inputs": {
                "host": {
                  "connectionName": "shared_commondataserviceforapps_2",
                  "operationId": "ListRecords",
                  "apiId": "/providers/Microsoft.PowerApps/apis/shared_commondataserviceforapps"
                },
                "parameters": {
                  "entityName": "contacts",
                  "$select": "contactid, fullname, emailaddress1"
                },
                "authentication": "@parameters('$authentication')"
              }
            },
            "Set_variable": {
              "runAfter": {
                "List_records_using_oData_Queries_With_Skip_Token": [
                  "Succeeded"
                ]
              },
              "metadata": {
                "operationMetadataId": "c336fec0-cdba-4215-84ad-37976c59578d"
              },
              "type": "SetVariable",
              "inputs": {
                "name": "Skip Token",
                "value": "@{if\n(\n\tempty\n\t(\n\t\toutputs('List_records_using_oData_Queries_With_Skip_Token')?['body/@odata.nextLink']\n\t),\n\t'',\n\tdecodeUriComponent\n\t(\n\t\tlast\n\t\t(\n\t\t\tsplit\n\t\t\t(\n\t\t\t\turiQuery(outputs('List_records_using_oData_Queries_With_Skip_Token')?['body/@odata.nextLink']),\n\t\t\t\t'skiptoken='\n\t\t\t)\n\t\t)\n\t)\n)}"
              }
            },
            "Increment_variable": {
              "runAfter": {
                "Set_variable": [
                  "Succeeded"
                ]
              },
              "metadata": {
                "operationMetadataId": "b4dbe3be-e644-4f22-83fd-89e281566231"
              },
              "type": "IncrementVariable",
              "inputs": {
                "name": "Page Number",
                "value": 1
              }
            },
            "Create_CSV_table": {
              "runAfter": {
                "Increment_variable": [
                  "Succeeded"
                ]
              },
              "metadata": {
                "operationMetadataId": "ab65022e-5da6-41a5-bfb9-ac040a075aae"
              },
              "type": "Table",
              "inputs": {
                "from": "@outputs('List_records_using_oData_Queries_With_Skip_Token')?['body/value']",
                "format": "CSV",
                "columns": [
                  {
                    "header": "contactid",
                    "value": "@item()?['contactid']"
                  },
                  {
                    "header": "fullname",
                    "value": "@item()?['fullname']"
                  },
                  {
                    "header": "emailaddress1",
                    "value": "@item()?['emailaddress1']"
                  }
                ]
              }
            },
            "Get_file_content": {
              "runAfter": {
                "Create_CSV_table": [
                  "Succeeded"
                ]
              },
              "metadata": {
                "operationMetadataId": "fe153b6c-50e5-4048-a123-e46fb4204836"
              },
              "type": "OpenApiConnection",
              "inputs": {
                "host": {
                  "connectionName": "shared_sharepointonline_2",
                  "operationId": "GetFileContent",
                  "apiId": "/providers/Microsoft.PowerApps/apis/shared_sharepointonline"
                },
                "parameters": {
                  "dataset": "https://microsoft.sharepoint.com/teams/DCX-Americas-POD2",
                  "id": "@outputs('Create_file')?['body/Id']",
                  "inferContentType": true
                },
                "authentication": "@parameters('$authentication')"
              }
            },
            "Compose": {
              "runAfter": {
                "Get_file_content": [
                  "Succeeded"
                ]
              },
              "metadata": {
                "operationMetadataId": "190b14cc-169a-476b-a6dc-8507fe829442"
              },
              "type": "Compose",
              "inputs": "@skip(split(base64ToString(outputs('Get_file_content')?['body']?['$content']), variables('CRLF')), 1)"
            },
            "Compose_2": {
              "runAfter": {
                "Compose": [
                  "Succeeded"
                ]
              },
              "metadata": {
                "operationMetadataId": "4a76031b-a7cc-4da7-94cd-dc813b5f98b3"
              },
              "type": "Compose",
              "inputs": "@concat(body('Create_CSV_table'), join(outputs('Compose'), variables('CRLF')))"
            },
            "Update_file": {
              "runAfter": {
                "Compose_2": [
                  "Succeeded"
                ]
              },
              "metadata": {
                "operationMetadataId": "51c49fdc-94e2-44ef-bd67-be93f3184777"
              },
              "type": "OpenApiConnection",
              "inputs": {
                "host": {
                  "connectionName": "shared_sharepointonline_2",
                  "operationId": "UpdateFile",
                  "apiId": "/providers/Microsoft.PowerApps/apis/shared_sharepointonline"
                },
                "parameters": {
                  "dataset": "https://microsoft.sharepoint.com/teams/DCX-Americas-POD2",
                  "id": "@outputs('Create_file')?['body/Id']",
                  "body": "@outputs('Compose_2')"
                },
                "authentication": "@parameters('$authentication')"
              }
            }
          },
          "runAfter": {
            "Initialize_variable_SkipToken": [
              "Succeeded"
            ]
          },
          "expression": "@equals(variables('Skip Token'), '')",
          "limit": {
            "count": 5000,
            "timeout": "PT1H"
          },
          "metadata": {
            "operationMetadataId": "7dbce956-f3ba-4bf4-ad9c-fe86d1305a99"
          },
          "type": "Until"
        },
        "Max_Record_Count": {
          "runAfter": {
            "Do_Until_Read_All_Data_From_Table": [
              "Succeeded"
            ]
          },
          "metadata": {
            "operationMetadataId": "449c6194-9914-488f-bf3d-9faba69785aa"
          },
          "type": "InitializeVariable",
          "inputs": {
            "variables": [
              {
                "name": "MaxCount",
                "type": "integer",
                "value": "@variables('varItemCount')"
              }
            ]
          }
        },
        "ComposePath": {
          "runAfter": {
            "Max_Record_Count": [
              "Succeeded"
            ]
          },
          "metadata": {
            "operationMetadataId": "273e3f10-978c-4265-9e52-ed445c8c4493"
          },
          "type": "Compose",
          "inputs": "https://microsoft.sharepoint.com/teams/DCX-Americas-POD2/@{outputs('Update_file')?['body/Path']}"
        },
        "Send_an_email_(V2)": {
          "runAfter": {
            "ComposePath": [
              "Succeeded"
            ]
          },
          "metadata": {
            "operationMetadataId": "4e30f32b-13f3-499a-8e30-af17e4d9067a"
          },
          "type": "OpenApiConnection",
          "inputs": {
            "host": {
              "connectionName": "shared_office365_2",
              "operationId": "SendEmailV2",
              "apiId": "/providers/Microsoft.PowerApps/apis/shared_office365"
            },
            "parameters": {
              "emailMessage/To": "jmakhija@microsoft.com",
              "emailMessage/Subject": "Contacts Data Download: Successful Completion",
              "emailMessage/Body": "<p>&nbsp;Hi,<br>\n<br>\nData File Path : <a href=\"&lt;object custom=\">@{outputs('ComposePath')}\"&gt;</a>@{outputs('ComposePath')}<a href=\"&lt;object custom=\"></a><br>\nTotal Count: @{variables('MaxCount')}<br>\n<br>\nThanks</p>",
              "emailMessage/Importance": "Normal"
            },
            "authentication": "@parameters('$authentication')"
          }
        }
      }
    },
    "templateName": ""
  },
  "schemaVersion": "1.0.0.0"
}